บ้านเลขที่,เลขแปลง,โซน
112/5,5,44 ไร่ (ป้อม8/1)
112/7,7,44 ไร่ (ป้อม8/1)
112/8,8,44 ไร่ (ป้อม8/1)
112/9,9,44 ไร่ (ป้อม8/1)
112/14,14,44 ไร่ (ป้อม8/1)
112/15,15,44 ไร่ (ป้อม8/1)
112/16,16,44 ไร่ (ป้อม8/1)
112/17,17,44 ไร่ (ป้อม8/1)
112/18,18,44 ไร่ (ป้อม8/1)
112/19,19,44 ไร่ (ป้อม8/1)
112/20,20,44 ไร่ (ป้อม8/1)
112/21,21,44 ไร่ (ป้อม8/1)
112/22,22,44 ไร่ (ป้อม8/1)
112/24,24,44 ไร่ (ป้อม8/1)
112/25,25,44 ไร่ (ป้อม8/1)
112/26,26,44 ไร่ (ป้อม8/1)
112/27,27,44 ไร่ (ป้อม8/1)
112/28,28,44 ไร่ (ป้อม8/1)
112/29,29,44 ไร่ (ป้อม8/1)
112/30,30,44 ไร่ (ป้อม8/1)
112/31,31,44 ไร่ (ป้อม8/1)
112/32,32,44 ไร่ (ป้อม8/1)
112/33,33,44 ไร่ (ป้อม8/1)
112/34,34,44 ไร่ (ป้อม8/1)
112/35,35,44 ไร่ (ป้อม8/1)
112/36,36,44 ไร่ (ป้อม8/1)
112/37,37,44 ไร่ (ป้อม8/1)
112/38,38,44 ไร่ (ป้อม8/1)
112/39,39,44 ไร่ (ป้อม8/1)
112/40,40,44 ไร่ (ป้อม8/1)
112/41,41,44 ไร่ (ป้อม8/1)
112/42,42,44 ไร่ (ป้อม8/1)
112/43,43,44 ไร่ (ป้อม8/1)
112/44,44,44 ไร่ (ป้อม8/1)
112/45,45,44 ไร่ (ป้อม8/1)
112/46,46,44 ไร่ (ป้อม8/1)
112/47,47,44 ไร่ (ป้อม8/1)
112/48,48,44 ไร่ (ป้อม8/1)
112/49,49,44 ไร่ (ป้อม8/1)
112/50,50,44 ไร่ (ป้อม8/1)
112/51,51,44 ไร่ (ป้อม8/1)
112/52,52,44 ไร่ (ป้อม8/1)
112/53,53,44 ไร่ (ป้อม8/1)
112/54,54,44 ไร่ (ป้อม8/1)
112/55,55,44 ไร่ (ป้อม8/1)
112/56,56,44 ไร่ (ป้อม8/1)
112/57,57,44 ไร่ (ป้อม8/1)
112/58,58,44 ไร่ (ป้อม8/1)
112/59,59,44 ไร่ (ป้อม8/1)
112/60,60,44 ไร่ (ป้อม8/1)
112/61,61,44 ไร่ (ป้อม8/1)
112/62,62,44 ไร่ (ป้อม8/1)
112/63,63,44 ไร่ (ป้อม8/1)
112/64,64,44 ไร่ (ป้อม8/1)
112/65,65,44 ไร่ (ป้อม8/1)
112/66,66,44 ไร่ (ป้อม8/1)
112/67,67,44 ไร่ (ป้อม8/1)
112/68,68,44 ไร่ (ป้อม8/1)
112/69,69,44 ไร่ (ป้อม8/1)
112/70,70,44 ไร่ (ป้อม8/1)
112/71,71,44 ไร่ (ป้อม8/1)
112/72,72,44 ไร่ (ป้อม8/1)
112/73,73,44 ไร่ (ป้อม8/1)
112/74,74,44 ไร่ (ป้อม8/1)
112/75,75,44 ไร่ (ป้อม8/1)
112/76,76,44 ไร่ (ป้อม8/1)
112/77,77,44 ไร่ (ป้อม8/1)
112/78,78,44 ไร่ (ป้อม8/1)
112/79,79,44 ไร่ (ป้อม8/1)
112/80,80,44 ไร่ (ป้อม8/1)
112/81,81,44 ไร่ (ป้อม8/1)
112/82,82,44 ไร่ (ป้อม8/1)
112/83,83,44 ไร่ (ป้อม8/1)
112/84,84,44 ไร่ (ป้อม8/1)
112/85,85,44 ไร่ (ป้อม8/1)
112/86,86,44 ไร่ (ป้อม8/1)
112/87,87,44 ไร่ (ป้อม8/1)
112/88,88,44 ไร่ (ป้อม8/1)
112/89,89,44 ไร่ (ป้อม8/1)
112/90,90,44 ไร่ (ป้อม8/1)
112/91,91,44 ไร่ (ป้อม8/1)
112/92,92,44 ไร่ (ป้อม8/1)
112/93,93,44 ไร่ (ป้อม8/1)
112/94,94,44 ไร่ (ป้อม8/1)
112/95,95,44 ไร่ (ป้อม8/1)
112/96,96,44 ไร่ (ป้อม8/1)
112/97,97,44 ไร่ (ป้อม8/1)
112/98,98,44 ไร่ (ป้อม8/1)
112/99,99,44 ไร่ (ป้อม8/1)
112/100,100,44 ไร่ (ป้อม8/1)
112/101,101,44 ไร่ (ป้อม8/1)
112/102,102,44 ไร่ (ป้อม8/1)
112/103,103,44 ไร่ (ป้อม8/1)
112/104,104,44 ไร่ (ป้อม8/1)
112/105,105,44 ไร่ (ป้อม8/1)
112/106,106,44 ไร่ (ป้อม8/1)
112/107,107,44 ไร่ (ป้อม8/1)
112/108,108,44 ไร่ (ป้อม8/1)
112/109,109,44 ไร่ (ป้อม8/1)
112/110,110,44 ไร่ (ป้อม8/1)
112/111,111,44 ไร่ (ป้อม8/1)
112/112,112,44 ไร่ (ป้อม8/1)
112/113,113,44 ไร่ (ป้อม8/1)
112/114,114,44 ไร่ (ป้อม8/1)
112/115,115,44 ไร่ (ป้อม8/1)
112/116,116,44 ไร่ (ป้อม8/1)
112/117,117,44 ไร่ (ป้อม8/1)
112/118,118,44 ไร่ (ป้อม8/1)
112/119,119,44 ไร่ (ป้อม8/1)
112/120,120,44 ไร่ (ป้อม8/1)
112/121,121,11 ไร่
112/122,122,11 ไร่
112/123,123,11 ไร่
112/124,124,11 ไร่
112/125,125,11 ไร่
112/126,126,11 ไร่
112/127,127,11 ไร่
112/128,128,11 ไร่
112/129,129,11 ไร่
112/131,131,11 ไร่
112/133,133,11 ไร่
112/134,134,11 ไร่
112/135,135,11 ไร่
112/136,136,11 ไร่
112/137,137,11 ไร่
112/138,138,11 ไร่
112/139,139,11 ไร่
112/140,140,11 ไร่
112/141,141,11 ไร่
112/142,142,11 ไร่
112/143,143,11 ไร่
112/144,144,11 ไร่
112/145,145,11 ไร่
112/146,146,11 ไร่
112/147,147,11 ไร่
112/148,148,11 ไร่
112/149,149,11 ไร่
112/150,150,11 ไร่
112/151,151,11 ไร่
112/152,152,11 ไร่
112/153,153,11 ไร่
112/154,154,11 ไร่
112/155,155,11 ไร่
112/156,156,74 ไร่ (เซ็นจูรี่)
112/157,157,74 ไร่ (เซ็นจูรี่)
112/158,158,74 ไร่ (เซ็นจูรี่)
112/159,159,74 ไร่ (เซ็นจูรี่)
112/160,160,74 ไร่ (เซ็นจูรี่)
112/161,161,74 ไร่ (เซ็นจูรี่)
112/162,162,74 ไร่ (เซ็นจูรี่)
112/163,163,74 ไร่ (เซ็นจูรี่)
112/164,164,74 ไร่ (เซ็นจูรี่)
112/165,165,74 ไร่ (เซ็นจูรี่)
112/166,166,74 ไร่ (เซ็นจูรี่)
112/167,167,74 ไร่ (เซ็นจูรี่)
112/168,168,74 ไร่ (เซ็นจูรี่)
112/169,169,74 ไร่ (เซ็นจูรี่)
112/170,170,74 ไร่ (เซ็นจูรี่)
112/171,171,74 ไร่ (เซ็นจูรี่)
112/172,172,74 ไร่ (เซ็นจูรี่)
112/173,173,74 ไร่ (เซ็นจูรี่)
112/174,174,74 ไร่ (เซ็นจูรี่)
112/175,175,74 ไร่ (เซ็นจูรี่)
112/176,176,74 ไร่ (เซ็นจูรี่)
112/177,177,74 ไร่ (เซ็นจูรี่)
112/178,178,74 ไร่ (เซ็นจูรี่)
112/179,179,74 ไร่ (เซ็นจูรี่)
112/180,180,74 ไร่ (เซ็นจูรี่)
112/181,181,74 ไร่ (เซ็นจูรี่)
112/182,182,74 ไร่ (เซ็นจูรี่)
112/183,183,74 ไร่ (เซ็นจูรี่)
112/184,184,74 ไร่ (เซ็นจูรี่)
112/185,185,74 ไร่ (เซ็นจูรี่)
112/186,186,74 ไร่ (เซ็นจูรี่)
112/187,187,74 ไร่ (เซ็นจูรี่)
112/188,188,74 ไร่ (เซ็นจูรี่)
112/189,189,74 ไร่ (เซ็นจูรี่)
112/190,190,74 ไร่ (เซ็นจูรี่)
112/191,191,74 ไร่ (เซ็นจูรี่)
112/192,192,74 ไร่ (เซ็นจูรี่)
112/193,193,74 ไร่ (เซ็นจูรี่)
112/194,194,74 ไร่ (เซ็นจูรี่)
112/195,195,74 ไร่ (เซ็นจูรี่)
112/196,196,74 ไร่ (เซ็นจูรี่)
112/197,197,74 ไร่ (เซ็นจูรี่)
112/198,198,74 ไร่ (เซ็นจูรี่)
112/199,199,74 ไร่ (เซ็นจูรี่)
112/200,200,74 ไร่ (เซ็นจูรี่)
112/201,201,74 ไร่ (เซ็นจูรี่)
112/202,202,74 ไร่ (เซ็นจูรี่)
112/203,203,74 ไร่ (เซ็นจูรี่)
112/204,204,74 ไร่ (เซ็นจูรี่)
112/205,205,74 ไร่ (เซ็นจูรี่)
112/206,206,74 ไร่ (เซ็นจูรี่)
112/207,207,74 ไร่ (เซ็นจูรี่)
112/208,208,74 ไร่ (เซ็นจูรี่)
112/209,209,74 ไร่ (เซ็นจูรี่)
112/210,210,74 ไร่ (เซ็นจูรี่)
112/211,211,74 ไร่ (เซ็นจูรี่)
112/212,212,74 ไร่ (เซ็นจูรี่)
112/213,213,74 ไร่ (เซ็นจูรี่)
112/214,214,74 ไร่ (เซ็นจูรี่)
112/215,215,74 ไร่ (เซ็นจูรี่)
112/216,216,74 ไร่ (เซ็นจูรี่)
112/217,217,74 ไร่ (เซ็นจูรี่)
112/218,218,74 ไร่ (เซ็นจูรี่)
112/219,219,74 ไร่ (เซ็นจูรี่)
112/220,220,74 ไร่ (เซ็นจูรี่)
112/221,221,74 ไร่ (เซ็นจูรี่)
112/222,222,74 ไร่ (เซ็นจูรี่)
112/223,223,74 ไร่ (เซ็นจูรี่)
112/224,224,74 ไร่ (เซ็นจูรี่)
112/225,225,74 ไร่ (เซ็นจูรี่)
112/226,226,74 ไร่ (เซ็นจูรี่)
112/227,227,74 ไร่ (เซ็นจูรี่)
112/228,228,74 ไร่ (เซ็นจูรี่)
112/229,229,74 ไร่ (เซ็นจูรี่)
112/230,230,74 ไร่ (เซ็นจูรี่)
112/231,231,74 ไร่ (เซ็นจูรี่)
112/232,232,74 ไร่ (เซ็นจูรี่)
112/233,233,74 ไร่ (เซ็นจูรี่)
112/234,234,74 ไร่ (เซ็นจูรี่)
112/235,235,74 ไร่ (เซ็นจูรี่)
112/236,236,74 ไร่ (เซ็นจูรี่)
112/237,237,74 ไร่ (เซ็นจูรี่)
112/238,238,74 ไร่ (เซ็นจูรี่)
112/239,239,74 ไร่ (เซ็นจูรี่)
112/240,240,74 ไร่ (เซ็นจูรี่)
112/241,241,74 ไร่ (เซ็นจูรี่)
112/242,242,74 ไร่ (เซ็นจูรี่)
112/243,243,74 ไร่ (เซ็นจูรี่)
112/244,244,74 ไร่ (เซ็นจูรี่)
112/245,245,74 ไร่ (เซ็นจูรี่)
112/246,246,74 ไร่ (เซ็นจูรี่)
112/247,247,74 ไร่ (เซ็นจูรี่)
112/248,248,74 ไร่ (เซ็นจูรี่)
112/249,249,74 ไร่ (เซ็นจูรี่)
112/250,250,74 ไร่ (เซ็นจูรี่)
112/251,251,74 ไร่ (เซ็นจูรี่)
112/252,252,74 ไร่ (เซ็นจูรี่)
112/253,253,74 ไร่ (เซ็นจูรี่)
112/254,254,74 ไร่ (เซ็นจูรี่)
112/255,255,74 ไร่ (เซ็นจูรี่)
112/256,256,74 ไร่ (เซ็นจูรี่)
112/257,257,74 ไร่ (เซ็นจูรี่)
112/258,258,74 ไร่ (เซ็นจูรี่)
112/259,259,74 ไร่ (เซ็นจูรี่)
112/260,260,74 ไร่ (เซ็นจูรี่)
112/261,261,74 ไร่ (เซ็นจูรี่)
112/262,262,74 ไร่ (เซ็นจูรี่)
112/263,263,74 ไร่ (เซ็นจูรี่)
112/264,264,74 ไร่ (เซ็นจูรี่)
112/265,265,74 ไร่ (เซ็นจูรี่)
112/266,266,74 ไร่ (เซ็นจูรี่)
112/267,267,74 ไร่ (เซ็นจูรี่)
112/268,268,74 ไร่ (เซ็นจูรี่)
112/269,269,74 ไร่ (เซ็นจูรี่)
112/270,270,74 ไร่ (เซ็นจูรี่)
112/271,271,74 ไร่ (เซ็นจูรี่)
112/272,272,74 ไร่ (เซ็นจูรี่)
112/273,273,74 ไร่ (เซ็นจูรี่)
112/274,274,74 ไร่ (เซ็นจูรี่)
112/275,275,74 ไร่ (เซ็นจูรี่)
112/276,276,74 ไร่ (เซ็นจูรี่)
112/277,277,74 ไร่ (เซ็นจูรี่)
112/278,278,74 ไร่ (เซ็นจูรี่)
112/279,279,74 ไร่ (เซ็นจูรี่)
112/280,280,74 ไร่ (เซ็นจูรี่)
112/281,281,74 ไร่ (เซ็นจูรี่)
112/282,282,74 ไร่ (เซ็นจูรี่)
112/283,283,74 ไร่ (เซ็นจูรี่)
112/284,284,74 ไร่ (เซ็นจูรี่)
112/285,285,74 ไร่ (เซ็นจูรี่)
112/286,286,74 ไร่ (เซ็นจูรี่)
112/287,287,74 ไร่ (เซ็นจูรี่)
112/288,288,74 ไร่ (เซ็นจูรี่)
112/289,289,74 ไร่ (เซ็นจูรี่)
112/290,290,74 ไร่ (เซ็นจูรี่)
112/291,291,74 ไร่ (เซ็นจูรี่)
112/292,292,74 ไร่ (เซ็นจูรี่)
112/293,293,74 ไร่ (เซ็นจูรี่)
112/294,294,74 ไร่ (เซ็นจูรี่)
112/295,295,74 ไร่ (เซ็นจูรี่)
112/296,296,74 ไร่ (เซ็นจูรี่)
112/297,297,74 ไร่ (เซ็นจูรี่)
112/298,298,74 ไร่ (เซ็นจูรี่)
112/299,299,74 ไร่ (เซ็นจูรี่)
112/300,300,74 ไร่ (เซ็นจูรี่)
112/301,301,74 ไร่ (เซ็นจูรี่)
112/302,302,74 ไร่ (เซ็นจูรี่)
112/303,303,74 ไร่ (เซ็นจูรี่)
112/304,304,74 ไร่ (เซ็นจูรี่)
112/305,305,74 ไร่ (เซ็นจูรี่)
112/306,306,74 ไร่ (เซ็นจูรี่)
112/307,307,74 ไร่ (เซ็นจูรี่)
112/400,400,22 ไร่ (ป้อม6)
112/401,401,22 ไร่ (ป้อม6)
112/402,402,22 ไร่ (ป้อม6)
112/403,403,22 ไร่ (ป้อม6)
112/404,404,22 ไร่ (ป้อม6)
112/405,405,22 ไร่ (ป้อม6)
112/406,406,22 ไร่ (ป้อม6)
112/407,407,22 ไร่ (ป้อม6)
112/408,408,22 ไร่ (ป้อม6)
112/409,409,22 ไร่ (ป้อม6)
112/410,410,22 ไร่ (ป้อม6)
112/411,411,22 ไร่ (ป้อม6)
112/412,412,22 ไร่ (ป้อม6)
112/413,413,22 ไร่ (ป้อม6)
112/414,414,22 ไร่ (ป้อม6)
112/415,415,22 ไร่ (ป้อม6)
112/416,416,22 ไร่ (ป้อม6)
112/417,417,22 ไร่ (ป้อม6)
112/418,418,22 ไร่ (ป้อม6)
112/419,419,22 ไร่ (ป้อม6)
112/420,420,22 ไร่ (ป้อม6)
112/421,421,22 ไร่ (ป้อม6)
112/422,422,22 ไร่ (ป้อม6)
112/423,423,22 ไร่ (ป้อม6)
112/424,424,22 ไร่ (ป้อม6)
112/425,425,22 ไร่ (ป้อม6)
112/426,426,22 ไร่ (ป้อม6)
112/427,427,22 ไร่ (ป้อม6)
112/428,428,22 ไร่ (ป้อม6)
112/429,429,22 ไร่ (ป้อม6)
112/430,430,22 ไร่ (ป้อม6)
112/431,431,22 ไร่ (ป้อม6)
112/432,432,22 ไร่ (ป้อม6)
112/433,433,22 ไร่ (ป้อม6)
112/434,434,22 ไร่ (ป้อม6)
112/435,435,22 ไร่ (ป้อม6)
112/436,436,22 ไร่ (ป้อม6)
112/437,437,22 ไร่ (ป้อม6)
